materiau;couleur;couleur2;masque;intensite;emission
Acier_Fonce;#9599A6;#9599A6;T_Masque_studs_n2;1.000;0.0
Annexe_Usine;#5F78A5;#5F78A5;T_Masque_studs_n2;1.000;0.0
Beige_Dirigeable;#EBC8A0;#EBC8A0;T_Masque_losanges_n2;1.000;0.0
Beton_Clair;#B3B5BC;#B3B5BC;T_Masque_studs_n2;1.000;0.0
Blanc_Bloc;#EFF3F9;#EFF3F9;;1.000;0.0
Blanc_Cuve;#E1E6F0;#E1E6F0;;1.000;0.0
Blanc_Lumiere;#FFFFFF;#FFFFFF;;1.000;3.0
Bleu_Boite;#3FA0F3;#3FA0F3;T_Masque_studs_n2;1.000;0.0
Bleu_Cheminee;#283A69;#283A69;;1.000;0.0
Bleu_Clair_Machine;#5A96E6;#5A96E6;;1.000;0.0
Bleu_Machine;#285AC8;#285AC8;T_Masque_studs_n2_r25;1.000;0.0
Bleu_Marine;#23325A;#23325A;T_Masque_studs_n2;1.000;0.0
Bleu_Vif;#1945E7;#1945E7;;1.000;0.0
Bloc_Fonce;#23375F;#23375F;T_Masque_studs_n2;1.000;0.0
Bord_Clair;#C3DCF0;#C3DCF0;;1.000;0.0
Bord_Herbe;#A0E127;#A0E127;;1.000;0.0
Brique_Losanges;#785A69;#785A69;T_Masque_losanges_n4;1.000;0.0
Cable_Noir;#19191D;#19191D;;1.000;0.0
Cadre_Ferme;#CDE1FF;#CDE1FF;;1.000;0.0
Cellule_Bleue;#1969F5;#1969F5;;1.000;0.0
Charbon;#2D2D31;#2D2D31;;1.000;0.0
Cheminee_Chevrons;#96AAC8;#96AAC8;T_Masque_chevrons_n4;1.000;0.0
Cheminee_Grise;#96A0AF;#96A0AF;T_Masque_studs_n2;1.000;0.0
Cuve_Blanche;#EAEDF3;#EAEDF3;T_Masque_studs_n2_r10;1.000;0.0
Cyan_Neon;#00EDFF;#00EDFF;;1.000;4.0
Dalle_Foncee;#303238;#303238;T_Masque_studs_n2;1.000;0.0
Damier_Noir_Blanc;#19191D;#EDEDF1;T_Masque_damier_n4;1.000;0.0
Damier_Rouge_Blanc;#951619;#EFEFF3;T_Masque_damier_n4;1.000;0.0
Dessus_Sombre;#3F424B;#3F424B;T_Masque_studs_n2;1.000;0.0
Eau_Bleue;#007CED;#007CED;T_Masque_vagues_n1;1.250;0.3
Eau_Cyan;#00F0FF;#00F0FF;T_Masque_vagues_n1;1.250;0.5
Eau_Cyber;#00B3FF;#00B3FF;T_Masque_vagues_n1;1.250;0.8
Fond_Helice;#AAC8E6;#AAC8E6;;1.000;0.0
Generateur;#1E3246;#1E3246;T_Masque_losanges_n2;1.000;0.0
Gris_Beton;#9599A4;#9599A4;T_Masque_studs_n2;1.000;0.0
Gris_Cheminee_Lisse;#9BA0AA;#9BA0AA;;1.000;0.0
Gris_Clair_Centrale;#9BA4B5;#9BA4B5;T_Masque_studs_n2_r15;1.000;0.0
Gris_Eolienne;#C4C8D4;#C4C8D4;;1.000;0.0
Gris_Fenetre;#9EA2AF;#9EA2AF;;1.000;0.0
Gris_Pale;#AFBED7;#AFBED7;T_Masque_studs_n2_r15;1.000;0.0
Gris_Pale_Losanges;#AFBED7;#AFBED7;T_Masque_losanges_n2;1.000;0.0
Gris_Socle;#CED1DA;#CED1DA;;1.000;0.0
Gris_Sombre;#383A3F;#383A3F;T_Masque_studs_n2;1.000;0.0
Gris_Usine;#AFB9C8;#AFB9C8;T_Masque_studs_n2_r20;1.000;0.0
Jaune_Boite;#CBB327;#CBB327;T_Masque_studs_n2;1.000;0.0
Jaune_Lumiere;#FFF500;#FFF500;;1.000;2.0
Jaune_Soleil;#FFE127;#FFE127;;1.000;4.0
Jaune_Tube;#F3C400;#F3C400;;1.000;0.0
Lavande;#E7E7FF;#E7E7FF;;1.000;0.0
Lumiere_Cyan;#5AE6FF;#5AE6FF;;1.000;2.5
Mauve_Clair;#967D8C;#967D8C;T_Masque_studs_n2;1.000;0.0
Mauve_Four;#7D647D;#7D647D;T_Masque_studs_n2_r30;1.000;0.0
Metal_Gris;#9696A0;#9696A0;;1.000;0.0
Mur_Gris_Bleu;#8C97AF;#8C97AF;T_Masque_studs_n2_r15;1.000;0.0
Mur_Vapeur;#7387AA;#7387AA;T_Masque_studs_n2_r25;1.000;0.0
Noir_Mat;#161619;#161619;;1.000;0.0
Ocre;#D7A528;#D7A528;T_Masque_losanges_n1;1.000;0.0
Orange_Feu;#FF8C00;#FF8C00;;1.000;0.8
Pale_Claire;#DCEBFA;#DCEBFA;;1.000;0.0
Pierre_Barrage;#6E7DA0;#6E7DA0;T_Masque_studs_n2_r30;1.000;0.0
Pierre_Sombre;#30353C;#30353C;T_Masque_studs_n2_r30;1.000;0.0
Plaque_Grise;#A0AFC8;#A0AFC8;;1.000;0.0
Porte_Claire;#96AFD2;#96AFD2;;1.000;0.0
Poteau_Fonce;#1E325F;#1E325F;;1.000;0.0
Rebord_Vert;#286E64;#286E64;;1.000;0.0
Rose_Lumiere;#FF6CCB;#FF6CCB;;1.000;3.0
Rose_Machine;#CB76B3;#CB76B3;T_Masque_studs_n2;1.000;0.0
Rouge_Lumiere;#FF2727;#FF2727;;1.000;3.0
Rouge_Reacteur;#A01927;#A01927;T_Masque_studs_n2;1.000;0.0
Socle_Ferme;#7D91B9;#7D91B9;T_Masque_studs_n2;1.000;0.0
Sol_Herbe;#7CDD30;#7CDD30;T_Masque_studs_n6_alea;1.000;0.0
Support_Clair;#BEDCF5;#BEDCF5;;1.000;0.0
Tas_Bleu;#1E2D50;#1E2D50;T_Masque_studs_n2;1.000;0.0
Terre;#7D3714;#7D3714;T_Masque_dalles_n2;1.355;0.0
Terre_Sombre;#27272C;#27272C;T_Masque_dalles_n2;1.355;0.0
Toit_Ardoise;#3C3F50;#3C3F50;T_Masque_studs_n2;1.000;0.0
Toit_Noir;#232836;#232836;;1.000;0.0
Toit_Usine;#6987B9;#6987B9;T_Masque_studs_n2;1.000;0.0
Toit_Vert;#3C8773;#3C8773;T_Masque_losanges_n2;1.000;0.0
Toit_Vert_Clair;#5FAA96;#5FAA96;;1.000;0.0
Tour_Beton;#BCBFC5;#BCBFC5;;1.000;0.0
Tube_Gris;#898E99;#898E99;;1.000;0.0
Tuyau_Argent;#AFC3D7;#AFC3D7;;1.000;0.0
Vert_Neon;#59FF7C;#59FF7C;;1.000;3.0
Violet_Cellule;#BC3FF3;#BC3FF3;;1.000;1.0
Violet_Dalle;#50387C;#50387C;T_Masque_studs_n2;1.000;0.0
Violet_Lumiere;#C459FF;#C459FF;;1.000;3.0
Violet_Panneau;#61307C;#61307C;;1.000;0.0
Vitre_Bleue;#5FAFF5;#5FAFF5;;1.000;0.0
Volet_Fonce;#16213F;#16213F;;1.000;0.0
